species,gram
Acinetobacter_albensis,Gram-negative
Acinetobacter_baumannii,Gram-negative
Acinetobacter_baylyi,Gram-negative
Acinetobacter_beijerinckii,Gram-negative
Acinetobacter_bereziniae,Gram-negative
Acinetobacter_bohemicus,Gram-negative
Acinetobacter_bouvetii,Gram-negative
Acinetobacter_brisouii,Gram-negative
Acinetobacter_calcoaceticus,Gram-negative
Acinetobacter_celticus,Gram-negative
Acinetobacter_chengduensis,Gram-negative
Acinetobacter_chinensis,Gram-negative
Acinetobacter_colistiniresistens,Gram-negative
Acinetobacter_courvalinii,Gram-negative
Acinetobacter_cumulans,Gram-negative
Acinetobacter_defluvii,Gram-negative
Acinetobacter_dispersus,Gram-negative
Acinetobacter_gandensis,Gram-negative
Acinetobacter_gerneri,Gram-negative
Acinetobacter_guerrae,Gram-negative
Acinetobacter_guillouiae,Gram-negative
Acinetobacter_gyllenbergii,Gram-negative
Acinetobacter_haemolyticus,Gram-negative
Acinetobacter_halotolerans,Gram-negative
Acinetobacter_harbinensis,Gram-negative
Acinetobacter_indicus,Gram-negative
Acinetobacter_johnsonii,Gram-negative
Acinetobacter_junii,Gram-negative
Acinetobacter_kookii,Gram-negative
Acinetobacter_kyonggiensis,Gram-negative
Acinetobacter_lactucae,Gram-negative
Acinetobacter_lanii,Gram-negative
Acinetobacter_larvae,Gram-negative
Acinetobacter_lwoffii,Gram-negative
Acinetobacter_modestus,Gram-negative
Acinetobacter_nosocomialis,Gram-negative
Acinetobacter_oleivorans,Gram-negative
Acinetobacter_piscicola,Gram-negative
Acinetobacter_pittii,Gram-negative
Acinetobacter_populi,Gram-negative
Acinetobacter_portensis,Gram-negative
Acinetobacter_pragensis,Gram-negative
Acinetobacter_proteolyticus,Gram-negative
Acinetobacter_pseudolwoffii,Gram-negative
Acinetobacter_pullicarnis,Gram-negative
Acinetobacter_puyangensis,Gram-negative
Acinetobacter_qingfengensis,Gram-negative
Acinetobacter_radioresistens,Gram-negative
Acinetobacter_rongchengensis,Gram-negative
Acinetobacter_rudis,Gram-negative
Acinetobacter_schindleri,Gram-negative
Acinetobacter_seifertii,Gram-negative
Acinetobacter_shaoyimingii,Gram-negative
Acinetobacter_sichuanensis,Gram-negative
Acinetobacter_soli,Gram-negative
Acinetobacter_stercoris,Gram-negative
Acinetobacter_tandoii,Gram-negative
Acinetobacter_tianfuensis,Gram-negative
Acinetobacter_tjernbergiae,Gram-negative
Acinetobacter_ursingii,Gram-negative
Acinetobacter_variabilis,Gram-negative
Acinetobacter_venetianus,Gram-negative
Acinetobacter_vivianii,Gram-negative
Acinetobacter_wuhouensis,Gram-negative
Bacillus_cereus,Gram-positive
Bordetella_avium,Gram-negative
Bordetella_bronchialis,Gram-negative
Bordetella_bronchiseptica,Gram-negative
Bordetella_flabilis,Gram-negative
Bordetella_hinzii,Gram-negative
Bordetella_holmesii,Gram-negative
Bordetella_muralis,Gram-negative
Bordetella_parapertussis,Gram-negative
Bordetella_pertussis,Gram-negative
Bordetella_petrii,Gram-negative
Bordetella_pseudohinzii,Gram-negative
Bordetella_trematum,Gram-negative
Bordetella_tumbae,Gram-negative
Borrelia_afzelii,Gram-negative
Borrelia_americana,Gram-negative
Borrelia_bavariensis,Gram-negative
Borrelia_bissettiae,Gram-negative
Borrelia_burgdorferi_sensu_stricto,Gram-positive
Borrelia_californiensis,Gram-negative
Borrelia_carolinensis,Gram-negative
Borrelia_garinii,Gram-negative
Borrelia_japonica,Gram-negative
Borrelia_kurtenbachii,Gram-negative
Borrelia_maritima,Gram-negative
Borrelia_mayonii,Gram-negative
Borrelia_spielmanii,Gram-negative
Borrelia_turdi,Gram-negative
Borrelia_valaisiana,Gram-negative
Borrelia_yangtzensis,Gram-negative
Brucella_abortus,Gram-negative
Brucella_canis,Gram-negative
Brucella_ceti,Gram-negative
Brucella_melitensis,Gram-negative
Brucella_sp.,Gram-negative
Brucella_suis,Gram-negative
Burkholderia_aenigmatica,Gram-negative
Burkholderia_ambifaria,Gram-negative
Burkholderia_anthina,Gram-negative
Burkholderia_arboris,Gram-negative
Burkholderia_cenocepacia,Gram-negative
Burkholderia_cepacia,Gram-negative
Burkholderia_contaminans,Gram-negative
Burkholderia_diffusa,Gram-negative
Burkholderia_dolosa,Gram-negative
Burkholderia_gladioli,Gram-negative
Burkholderia_glumae,Gram-negative
Burkholderia_guangdongensis,Gram-negative
Burkholderia_lata,Gram-negative
Burkholderia_latens,Gram-negative
Burkholderia_mayonis,Gram-negative
Burkholderia_metallica,Gram-negative
Burkholderia_multivorans,Gram-negative
Burkholderia_oklahomensis,Gram-negative
Burkholderia_paludis,Gram-negative
Burkholderia_plantarii,Gram-negative
Burkholderia_pseudomallei,Gram-negative
Burkholderia_pseudomultivorans,Gram-negative
Burkholderia_pyrrocinia,Gram-negative
Burkholderia_savannae,Gram-negative
Burkholderia_seminalis,Gram-negative
Burkholderia_stabilis,Gram-negative
Burkholderia_stagnalis,Gram-negative
Burkholderia_ubonensis,Gram-negative
Burkholderia_vietnamiensis,Gram-negative
Ca._Chlamydia_sanzinia,Gram-negative
Caballeronia_concitans,Gram-negative
Caballeronia_cordobensis,Gram-negative
Caballeronia_glathei,Gram-negative
Caballeronia_grimmiae,Gram-negative
Caballeronia_insecticola,Gram-negative
Caballeronia_jiangsuensis,Gram-negative
Caballeronia_megalochromosomata,Gram-negative
Caballeronia_mineralivorans,Gram-negative
Caballeronia_novacaledonica,Gram-negative
Caballeronia_zhejiangensis,Gram-negative
Campylobacter_coli,Gram-negative
Campylobacter_fetus,Gram-negative
Campylobacter_hepaticus,Gram-negative
Campylobacter_hyointestinalis,Gram-negative
Campylobacter_jejuni,Gram-negative
Campylobacter_lari,Gram-negative
Campylobacter_subantarcticus,Gram-negative
Campylobacter_upsaliensis,Gram-negative
Chlamydia_abortus,Gram-negative
Chlamydia_avium,Gram-negative
Chlamydia_buteonis,Gram-negative
Chlamydia_caviae,Gram-negative
Chlamydia_felis,Gram-negative
Chlamydia_gallinacea,Gram-negative
Chlamydia_ibidis,Gram-negative
Chlamydia_muridarum,Gram-negative
Chlamydia_pecorum,Gram-negative
Chlamydia_pneumoniae,Gram-negative
Chlamydia_poikilothermis,Gram-negative
Chlamydia_psittaci,Gram-negative
Chlamydia_serpentis,Gram-positive
Chlamydia_suis,Gram-negative
Chlamydia_trachomatis,Gram-negative
Citrobacter_amalonaticus,Gram-negative
Citrobacter_braakii,Gram-negative
Citrobacter_europaeus,Gram-negative
Citrobacter_freundii,Gram-negative
Citrobacter_gillenii,Gram-negative
Citrobacter_portucalensis,Gram-negative
Citrobacter_sedlakii,Gram-negative
Citrobacter_werkmanii,Gram-negative
Citrobacter_youngae,Gram-negative
Clostridium_chauvoei,Gram-positive
Clostridium_perfringens,Gram-positive
Corynebacterium_belfantii,Gram-positive
Corynebacterium_diphtheriae,Gram-positive
Corynebacterium_rouxii,Gram-positive
Corynebacterium_ulcerans,Gram-positive
Cronobacter_condimenti,Gram-negative
Cronobacter_dublinensis,Gram-negative
Cronobacter_malonaticus,Gram-negative
Cronobacter_muytjensii,Gram-negative
Cronobacter_sakazakii,Gram-negative
Cronobacter_turicensis,Gram-negative
Cronobacter_universalis,Gram-negative
Dichelobacter_nodosus,Gram-negative
Enterobacter_cloacae,Gram-negative
Enterococcus_faecalis,Gram-positive
Enterococcus_faecium,Gram-positive
Enterococcus_lactis,Gram-positive
Escherichia_albertii,Gram-negative
Escherichia_coli,Gram-negative
Escherichia_fergusonii,Gram-negative
Escherichia_hermannii,Gram-negative
Escherichia_marmotae,Gram-negative
Escherichia_ruysiae,Gram-negative
Glaesserella_parasuis,Gram-negative
Haemophilus_ducreyi,Gram-negative
Haemophilus_haemolyticus,Gram-negative
Haemophilus_influenzae,Gram-negative
Haemophilus_paracuniculus,Gram-negative
Haemophilus_parahaemolyticus,Gram-negative
Haemophilus_parainfluenzae,Gram-negative
Haemophilus_paraphrohaemolyticus,Gram-negative
Haemophilus_pittmaniae,Gram-negative
Haemophilus_quentini,Gram-negative
Haemophilus_seminalis,Gram-negative
Haemophilus_sputorum,Gram-negative
Helicobacter_pylori,Gram-negative
Klebsiella_aerogenes,Gram-negative
Klebsiella_grimontii,Gram-negative
Klebsiella_michiganensis,Gram-negative
Klebsiella_oxytoca,Gram-negative
Klebsiella_pasteurii,Gram-negative
Klebsiella_pneumoniae,Gram-negative
Klebsiella_variicola,Gram-negative
Leptospira_adleri,Gram-negative
Leptospira_alexanderi,Gram-negative
Leptospira_alstonii,Gram-negative
Leptospira_andrefontaineae,Gram-negative
Leptospira_bandrabouensis,Gram-negative
Leptospira_barantonii,Gram-negative
Leptospira_biflexa,Gram-negative
Leptospira_borgpetersenii,Gram-negative
Leptospira_bourretii,Gram-negative
Leptospira_bouyouniensis,Gram-negative
Leptospira_brenneri,Gram-negative
Leptospira_broomii,Gram-negative
Leptospira_congkakensis,Gram-negative
Leptospira_dzianensis,Gram-negative
Leptospira_dzoumogneensis,Gram-negative
Leptospira_ellinghauseni,Gram-negative
Leptospira_ellisii,Gram-negative
Leptospira_fainei,Gram-negative
Leptospira_fletcheri,Gram-negative
Leptospira_fluminis,Gram-negative
Leptospira_gomenensis,Gram-negative
Leptospira_haakeii,Gram-negative
Leptospira_harrisiae,Gram-negative
Leptospira_hartskeerlii,Gram-negative
Leptospira_idonii,Gram-negative
Leptospira_ilyithenensis,Gram-negative
Leptospira_inadai,Gram-negative
Leptospira_interrogans,Gram-negative
Leptospira_jelokensis,Gram-negative
Leptospira_johnsonii,Gram-negative
Leptospira_kanakyensis,Gram-negative
Leptospira_kemamanensis,Gram-negative
Leptospira_kirschneri,Gram-negative
Leptospira_kmetyi,Gram-negative
Leptospira_kobayashii,Gram-negative
Leptospira_koniamboensis,Gram-negative
Leptospira_langatensis,Gram-negative
Leptospira_levettii,Gram-negative
Leptospira_licerasiae,Gram-negative
Leptospira_mayottensis,Gram-negative
Leptospira_meyeri,Gram-negative
Leptospira_montravelensis,Gram-negative
Leptospira_mtsangambouensis,Gram-negative
Leptospira_neocaledonica,Gram-negative
Leptospira_noguchii,Gram-negative
Leptospira_noumeaensis,Gram-negative
Leptospira_ognonensis,Gram-negative
Leptospira_perdikensis,Gram-negative
Leptospira_perolatii,Gram-negative
Leptospira_putramalaysiae,Gram-negative
Leptospira_ryugenii,Gram-negative
Leptospira_saintgironsiae,Gram-negative
Leptospira_santarosai,Gram-negative
Leptospira_sarikeiensis,Gram-negative
Leptospira_selangorensis,Gram-negative
Leptospira_semungkikensis,Gram-negative
Leptospira_stimsonii,Gram-negative
Leptospira_terpstrae,Gram-negative
Leptospira_tipperaryensis,Gram-negative
Leptospira_vanthielii,Gram-negative
Leptospira_venezuelensis,Gram-negative
Leptospira_weilii,Gram-negative
Leptospira_wolbachii,Gram-negative
Leptospira_wolffii,Gram-negative
Leptospira_yanagawae,Gram-negative
Leptospira_yasudae,Gram-negative
Listeria_aquatica,Gram-positive
Listeria_booriae,Gram-positive
Listeria_cossartiae_cayugensis,Gram-positive
Listeria_cossartiae_cossartiae,Gram-positive
Listeria_costaricensis,Gram-positive
Listeria_farberi,Gram-positive
Listeria_fleischmannii_coloradonensis,Gram-positive
Listeria_goaensis,Gram-positive
Listeria_grandensis,Gram-positive
Listeria_grayi,Gram-positive
Listeria_immobilis,Gram-positive
Listeria_innocua,Gram-positive
Listeria_ivanovii_ivanovii,Gram-positive
Listeria_ivanovii_londoniensis,Gram-positive
Listeria_marthii,Gram-positive
Listeria_monocytogenes,Gram-positive
Listeria_newyorkensis,Gram-positive
Listeria_portnoyi,Gram-positive
Listeria_rocourtiae,Gram-positive
Listeria_rustica,Gram-positive
Listeria_seeligeri,Gram-positive
Listeria_thailandensis,Gram-positive
Listeria_valentina,Gram-positive
Listeria_weihenstephanensis,Gram-positive
Listeria_welshimeri,Gram-positive
Mammalicoccus_sciuri,Gram-positive
Mycobacterium_abscessus,Gram-positive
Mycobacterium_africanum,Gram-positive
Mycobacterium_avium,Gram-positive
Mycobacterium_bolletii,Gram-positive
Mycobacterium_bovis,Gram-positive
Mycobacterium_canettii,Gram-positive
Mycobacterium_caprae,Gram-positive
Mycobacterium_colombiense,Gram-positive
Mycobacterium_gilvum,Gram-positive
Mycobacterium_hassiacum,Gram-positive
Mycobacterium_indicus,Gram-positive
Mycobacterium_intracellulare,Gram-positive
Mycobacterium_massiliense,Gram-positive
Mycobacterium_microti,Gram-positive
Mycobacterium_orygis,Gram-positive
Mycobacterium_pinnipedii,Gram-positive
Mycobacterium_thermoresistibile,Gram-positive
Mycobacterium_tuberculosis,Gram-positive
Mycobacterium_ulcerans,Gram-positive
Mycobacterium_xenopi,Gram-positive
Neisseria_animalis,Gram-negative
Neisseria_animaloris,Gram-negative
Neisseria_bacilliformis,Gram-negative
Neisseria_basseii,Gram-negative
Neisseria_benedictiae,Gram-negative
Neisseria_bergeri,Gram-negative
Neisseria_blantyrii,Gram-negative
Neisseria_canis,Gram-negative
Neisseria_cinerea,Gram-negative
Neisseria_elongata,Gram-negative
Neisseria_flavescens,Gram-negative
Neisseria_gonorrhoeae,Gram-negative
Neisseria_iguanae,Gram-negative
Neisseria_lactamica,Gram-negative
Neisseria_maigaei,Gram-negative
Neisseria_meningitidis,Gram-negative
Neisseria_mucosa,Gram-negative
Neisseria_oralis,Gram-negative
Neisseria_polysaccharea,Gram-negative
Neisseria_shayeganii,Gram-negative
Neisseria_subflava,Gram-negative
Neisseria_uirgultaei,Gram-positive
Neisseria_viridiae,Gram-positive
Neisseria_wadsworthii,Gram-negative
Neisseria_weaveri,Gram-negative
Neisseria_zoodegmatis,Gram-negative
Paraburkholderia_acidiphila,Gram-negative
Paraburkholderia_acidisoli,Gram-negative
Paraburkholderia_acidophila,Gram-negative
Paraburkholderia_aromaticivorans,Gram-negative
Paraburkholderia_aspalathi,Gram-negative
Paraburkholderia_bryophila,Gram-negative
Paraburkholderia_caledonica,Gram-negative
Paraburkholderia_caribensis,Gram-negative
Paraburkholderia_dioscoreae,Gram-negative
Paraburkholderia_dipogonis,Gram-negative
Paraburkholderia_fungorum,Gram-negative
Paraburkholderia_ginsengisoli,Gram-negative
Paraburkholderia_insulsa,Gram-negative
Paraburkholderia_kururiensis,Gram-negative
Paraburkholderia_mimosarum,Gram-negative
Paraburkholderia_phenazinium,Gram-negative
Paraburkholderia_phymatum,Gram-negative
Paraburkholderia_piptadeniae,Gram-negative
Paraburkholderia_ribeironis,Gram-negative
Paraburkholderia_sacchari,Gram-negative
Paraburkholderia_solitsugae,Gram-negative
Paraburkholderia_susongensis,Gram-negative
Paraburkholderia_terricola,Gram-negative
Paraburkholderia_tropica,Gram-negative
Paraburkholderia_tuberum,Gram-negative
Paraburkholderia_xenovorans,Gram-negative
Pasteurella_multocida,Gram-negative
Pseudomonas_aeruginosa,Gram-negative
Salmonella_enterica,Gram-negative
Shigella_boydii,Gram-negative
Shigella_dysenteriae,Gram-negative
Shigella_flexneri,Gram-negative
Shigella_sonnei,Gram-negative
Staphylococcus_aureus,Gram-positive
Staphylococcus_epidermidis,Gram-positive
Staphylococcus_pseudintermedius,Gram-positive
Stenotrophomas_maltophilia,Gram-negative
Stenotrophomonas_indicatrix,Gram-negative
Stenotrophomonas_lactitubi,Gram-negative
Stenotrophomonas_maltophilia,Gram-negative
Streptococcus_agalactiae,Gram-positive
Streptococcus_dysgalactiae,Gram-positive
Streptococcus_pneumoniae,Gram-positive
Streptococcus_suis,Gram-positive
Streptococcus_uberis,Gram-positive
Treponema_pallidum,Gram-negative
Trinickia_caryophylli,Gram-negative
Vibrio_cholerae,Gram-negative
Vibrio_parahaemolyticus,Gram-negative
Yersinia_aldovae,Gram-negative
Yersinia_aleksiciae,Gram-negative
Yersinia_alsatica,Gram-negative
Yersinia_artesiana,Gram-negative
Yersinia_bercovieri,Gram-negative
Yersinia_canariae,Gram-negative
Yersinia_enterocolitica,Gram-negative
Yersinia_entomophaga,Gram-negative
Yersinia_frederiksenii,Gram-negative
Yersinia_hibernica,Gram-negative
Yersinia_intermedia,Gram-negative
Yersinia_kristensenii,Gram-negative
Yersinia_massiliensis,Gram-negative
Yersinia_mollaretii,Gram-negative
Yersinia_nurmii,Gram-negative
Yersinia_occitanica,Gram-negative
Yersinia_pekkanenii,Gram-negative
Yersinia_pestis,Gram-negative
Yersinia_proxima,Gram-negative
Yersinia_pseudotuberculosis,Gram-negative
Yersinia_rohdei,Gram-negative
Yersinia_similis,Gram-negative
Yersinia_thracica,Gram-negative
Yersinia_vastinensis,Gram-negative
Yersinia_wausersii,Gram-negative