species,respiratory,respiratory_conf,enteric,enteric_conf,urogenital,urogenital_conf,skin_soft_tissue,skin_soft_tissue_conf,invasive_systemic,invasive_systemic_conf,healthcare,healthcare_conf,livestock,livestock_conf,foodborne,foodborne_conf,zoonotic,zoonotic_conf,environmental,environmental_conf,human_commensal,human_commensal_conf,eskape,who
Acinetobacter_baumannii,2,High,1,High,1,High,1,High,2,High,2,High,1,High,1,High,1,High,2,High,1,High,2,2
Acinetobacter_bereziniae,1,High,1,High,1,High,1,High,2,Low,2,Low,1,High,1,High,1,High,2,Low,1,High,1,1
Acinetobacter_calcoaceticus,1,High,1,High,1,High,1,High,1,High,2,Low,1,High,1,High,1,High,2,Low,1,Low,1,1
Acinetobacter_lactucae,1,High,1,High,1,High,1,High,1,Low,1,Low,1,High,1,High,1,High,2,Low,1,Low,1,1
Acinetobacter_nosocomialis,2,Low,1,High,1,High,1,High,2,Low,2,Low,1,High,1,High,1,High,2,Low,1,High,1,1
Acinetobacter_oleivorans,1,High,1,High,1,High,1,High,1,Low,1,Low,1,High,1,High,1,High,2,Low,1,High,1,1
Acinetobacter_pittii,2,Low,1,High,1,High,1,High,2,Low,2,Low,1,High,1,High,1,High,2,Low,1,High,1,1
Acinetobacter_seifertii,1,High,1,High,1,High,1,High,2,Low,2,Low,1,High,1,High,1,High,2,Low,1,High,1,1
Acinetobacter_soli,1,High,1,High,1,High,1,High,1,Low,1,Low,1,High,1,High,1,High,2,Low,1,High,1,1
Bacillus_cereus,1,High,2,High,1,High,2,Low,2,Low,1,High,1,High,2,High,1,High,2,High,1,High,1,1
Bordetella_bronchiseptica,2,High,1,High,1,High,1,High,1,High,1,High,2,Low,1,High,2,Low,1,High,1,High,1,1
Bordetella_hinzii,2,Low,1,High,1,High,1,High,1,High,1,High,2,Low,1,High,2,Low,1,High,1,High,1,1
Bordetella_holmesii,2,Low,1,High,1,High,1,High,2,Low,1,High,1,High,1,High,1,High,1,High,2,Low,1,1
Bordetella_parapertussis,2,High,1,High,1,High,1,High,1,High,1,High,1,High,1,High,1,High,1,High,2,High,1,1
Bordetella_pertussis,2,High,1,High,1,High,1,High,1,High,1,High,1,High,1,High,1,High,1,High,2,Low,1,1
Borrelia_bavariensis,1,High,1,High,1,High,1,High,2,High,1,High,1,High,1,High,2,Low,1,High,1,High,1,1
Borrelia_garinii,1,High,1,High,1,High,1,High,2,Low,1,High,1,High,1,High,2,Low,1,High,1,High,1,1
Brucella_abortus,1,High,1,High,1,High,1,High,2,Low,1,High,2,Low,2,Low,2,Low,1,High,1,High,1,1
Brucella_ceti,1,High,1,High,1,High,1,High,2,Low,1,High,1,High,1,High,2,Low,1,High,1,High,1,1
Brucella_melitensis,1,High,1,High,1,High,1,High,2,Low,1,High,2,Low,2,Low,2,Low,1,High,1,High,1,1
Brucella_suis,1,High,1,High,1,High,1,High,2,Low,1,High,2,Low,2,High,2,High,1,High,1,High,1,1
Burkholderia_aenigmatica,1,Low,1,High,1,High,1,High,1,Low,1,Low,1,High,1,High,1,High,2,Low,1,High,1,1
Burkholderia_ambifaria,1,Low,1,High,1,High,1,High,2,Low,2,Low,1,High,1,High,1,High,2,Low,1,High,1,1
Burkholderia_anthina,1,Low,1,High,1,High,1,High,2,Low,2,Low,1,High,1,High,1,High,2,Low,1,High,1,1
Burkholderia_arboris,1,Low,1,High,1,High,1,High,1,Low,1,Low,1,High,1,High,1,High,2,Low,1,High,1,1
Burkholderia_cenocepacia,2,Low,1,High,1,High,1,High,2,Low,2,Low,1,High,1,High,1,High,2,Low,1,High,1,1
Burkholderia_cepacia,2,High,1,High,1,High,1,High,2,High,2,High,1,High,1,High,1,High,2,Low,1,High,1,1
Burkholderia_contaminans,2,Low,1,High,1,High,1,High,2,Low,2,Low,1,High,1,High,1,High,2,Low,1,High,1,1
Burkholderia_diffusa,1,Low,1,High,1,High,1,High,1,High,1,Low,1,High,1,High,1,High,2,Low,1,High,1,1
Burkholderia_dolosa,2,Low,1,High,1,High,1,High,2,Low,2,Low,1,High,1,High,1,High,2,Low,1,High,1,1
Burkholderia_gladioli,2,Low,1,High,1,High,1,High,2,Low,2,Low,1,High,2,Low,1,High,2,Low,1,High,1,1
Burkholderia_latens,1,Low,1,High,1,High,1,High,2,Low,2,Low,1,High,1,High,1,High,2,Low,1,High,1,1
Burkholderia_multivorans,2,Low,1,High,1,High,1,High,2,Low,2,Low,1,High,1,High,1,High,2,Low,1,High,1,1
Burkholderia_pseudomallei,2,High,1,High,1,High,2,Low,2,High,1,High,1,High,1,High,1,High,2,Low,1,High,1,1
Burkholderia_pyrrocinia,1,Low,1,High,1,High,1,High,2,Low,2,Low,1,High,1,High,1,High,2,Low,1,High,1,1
Burkholderia_savannae,1,Low,1,High,1,High,1,High,1,Low,1,Low,1,High,1,High,1,High,2,Low,1,High,1,1
Burkholderia_seminalis,1,Low,1,High,1,High,1,High,2,Low,2,Low,1,High,1,High,1,High,2,Low,1,High,1,1
Burkholderia_ubonensis,1,Low,1,High,1,High,1,High,1,Low,1,Low,1,High,1,High,1,High,2,Low,1,High,1,1
Burkholderia_vietnamiensis,2,Low,1,High,1,High,1,High,2,Low,2,Low,1,High,1,High,1,High,2,Low,1,High,1,1
Campylobacter_coli,1,High,2,High,1,High,1,High,1,High,1,High,2,High,2,High,2,High,1,High,1,High,1,1
Campylobacter_jejuni,1,High,2,High,1,High,1,High,1,High,1,High,2,High,2,High,2,High,1,High,1,High,1,1
Campylobacter_lari,1,High,2,High,1,High,1,High,1,High,1,High,2,High,2,High,2,High,1,High,1,High,1,1
Chlamydia_abortus,1,High,1,High,1,High,1,High,2,Low,1,High,2,High,1,High,2,Low,1,High,1,High,1,1
Chlamydia_avium,1,Low,1,High,1,High,1,High,1,High,1,High,2,High,1,High,1,Low,1,High,1,High,1,1
Chlamydia_gallinacea,1,Low,1,High,1,High,1,High,1,High,1,High,2,High,1,High,1,Low,1,High,1,High,1,1
Chlamydia_psittaci,2,Low,1,High,1,High,1,High,2,Low,1,High,2,High,1,High,2,Low,1,High,1,High,1,1
Chlamydia_suis,1,High,1,High,1,High,1,High,1,High,1,High,2,High,1,High,1,Low,1,High,1,High,1,1
Chlamydia_trachomatis,2,High,1,High,2,High,1,High,1,High,1,High,1,High,1,High,1,High,1,High,2,Low,1,1
Citrobacter_amalonaticus,1,High,2,High,2,High,1,High,2,High,2,High,1,High,1,High,1,High,2,High,2,High,1,2
Citrobacter_braakii,1,High,1,High,2,High,1,High,2,High,2,High,1,High,1,High,1,High,2,High,2,High,1,2
Citrobacter_freundii,1,High,1,High,2,High,1,High,2,High,2,High,1,High,1,High,1,High,2,High,2,High,1,2
Citrobacter_portucalensis,1,High,1,High,2,High,1,High,2,High,2,High,1,High,1,High,1,High,2,High,2,High,1,2
Citrobacter_sedlakii,1,High,1,High,2,High,1,High,2,High,2,High,1,High,1,High,1,High,2,High,2,High,1,2
Citrobacter_werkmanii,1,High,1,High,2,High,1,High,2,High,2,High,1,High,1,High,1,High,2,High,2,High,1,2
Clostridium_chauvoei,1,High,1,High,1,High,1,Low,2,Low,1,High,2,High,1,High,1,High,2,Low,1,High,1,1
Clostridium_perfringens,1,High,2,High,1,High,2,High,2,High,1,High,2,High,2,High,2,High,2,High,2,High,1,1
Corynebacterium_belfantii,2,Low,1,High,1,High,2,Low,2,Low,1,High,1,High,1,High,1,High,1,High,2,Low,1,1
Corynebacterium_diphtheriae,2,High,1,High,1,High,2,High,2,High,1,High,1,High,1,High,1,High,1,High,2,High,1,1
Corynebacterium_rouxii,2,Low,1,High,1,High,2,Low,2,Low,1,High,1,High,1,High,1,High,1,High,2,Low,1,1
Cronobacter_dublinensis,1,High,2,High,1,High,1,High,2,Low,1,High,1,High,2,High,1,High,2,Low,1,High,1,2
Cronobacter_malonaticus,1,High,2,High,1,High,1,High,2,Low,1,High,1,High,2,High,1,High,2,Low,1,High,1,2
Cronobacter_muytjensii,1,High,2,High,1,High,1,High,2,Low,1,High,1,High,2,High,1,High,2,Low,1,High,1,2
Cronobacter_sakazakii,1,High,2,High,1,High,1,High,2,Low,1,High,1,High,2,High,1,High,2,Low,1,High,1,2
Cronobacter_turicensis,1,High,2,High,1,High,1,High,2,Low,1,High,1,High,2,High,1,High,2,Low,1,High,1,2
Dichelobacter_nodosus,1,High,1,High,1,High,2,Low,1,High,1,High,2,High,1,High,1,High,1,Low,1,High,1,1
Enterobacter_cloacae,3,Low,1,High,2,Low,1,High,2,Low,2,Low,1,High,1,High,1,High,2,Low,2,Low,2,2
Enterococcus_faecalis,1,High,1,High,2,High,1,High,2,High,2,High,2,High,1,High,1,High,1,High,2,High,1,1
Enterococcus_faecium,1,High,1,High,2,High,1,High,2,High,2,High,2,High,1,High,1,High,1,High,2,High,2,2
Escherichia_coli,1,High,2,High,2,High,1,High,2,High,2,High,2,High,2,High,2,High,1,High,2,High,1,2
Glaesserella_parasuis,2,Low,1,High,1,High,1,High,2,Low,1,High,2,High,1,High,1,High,1,High,1,High,1,1
Haemophilus_haemolyticus,2,Low,1,High,1,High,1,High,1,Low,1,High,1,High,1,High,1,High,1,High,2,High,1,1
Haemophilus_influenzae,2,High,1,High,1,High,1,High,2,High,1,High,1,High,1,High,1,High,1,High,2,High,1,2
Haemophilus_parahaemolyticus,2,Low,1,High,1,Low,1,High,2,Low,1,High,1,High,1,High,1,High,1,High,2,Low,1,1
Haemophilus_parainfluenzae,2,Low,1,High,1,High,1,High,2,Low,1,High,1,High,1,High,1,High,1,High,2,High,1,1
Haemophilus_seminalis,1,Low,1,High,2,Low,1,High,2,Low,1,High,1,High,1,High,1,High,1,High,2,Low,1,1
Haemophilus_sputorum,2,Low,1,High,1,Low,1,High,2,Low,1,High,1,High,1,High,1,High,1,High,2,Low,1,1
Helicobacter_pylori,1,High,2,High,1,High,1,High,1,High,1,High,1,High,1,High,1,High,1,High,1,High,1,1
Klebsiella_aerogenes,1,Low,1,High,2,Low,1,High,2,Low,2,Low,1,High,1,High,1,High,2,Low,2,Low,1,2
Klebsiella_grimontii,1,High,1,High,2,Low,1,High,2,High,2,High,1,High,1,High,1,High,2,High,2,High,1,2
Klebsiella_michiganensis,1,High,1,High,2,Low,1,High,2,Low,2,High,1,High,1,High,1,High,2,Low,2,High,1,2
Klebsiella_oxytoca,2,Low,2,High,2,High,1,High,2,High,2,High,1,High,1,High,1,High,2,High,2,High,1,2
Klebsiella_pasteurii,1,Low,1,High,2,Low,1,High,2,Low,2,Low,1,High,1,High,1,High,2,Low,2,Low,1,2
Klebsiella_pneumoniae,2,Low,1,High,2,High,1,High,2,High,2,High,1,High,1,High,1,High,2,High,2,High,2,2
Klebsiella_variicola,1,High,1,High,2,Low,1,High,2,Low,2,Low,1,High,1,High,1,High,2,Low,2,Low,1,2
Leptospira_borgpetersenii,1,High,1,High,1,High,1,High,2,High,1,High,2,High,1,High,2,High,2,High,1,High,1,1
Leptospira_interrogans,1,High,1,High,1,High,1,High,2,High,1,High,2,High,1,High,2,High,2,High,1,High,1,1
Leptospira_kirschneri,1,High,1,High,1,High,1,High,2,High,1,High,2,High,1,High,2,High,2,High,1,High,1,1
Leptospira_santarosai,1,High,1,High,1,High,1,High,2,High,1,High,2,Low,1,High,2,High,2,High,1,High,1,1
Listeria_aquatica,1,High,1,High,1,High,1,High,1,High,1,High,1,High,2,Low,1,High,2,Low,1,High,1,1
Listeria_fleischmannii_coloradonensis,1,High,1,High,1,High,1,High,1,High,1,High,1,High,2,Low,1,High,2,Low,1,High,1,1
Listeria_innocua,1,High,1,High,1,High,1,High,1,High,1,High,1,High,2,High,1,High,2,Low,1,High,1,1
Listeria_monocytogenes,1,High,2,High,1,High,1,High,2,High,1,High,2,High,2,High,2,High,2,High,1,High,1,1
Listeria_newyorkensis,1,High,1,High,1,High,1,High,1,High,1,High,1,High,1,Low,1,High,2,Low,1,High,1,1
Listeria_thailandensis,1,High,1,High,1,High,1,High,1,High,1,High,1,High,2,Low,1,High,2,Low,1,High,1,1
Mammalicoccus_sciuri,1,High,1,High,1,High,2,Low,1,Low,1,Low,2,Low,1,High,1,Low,2,Low,2,Low,1,1
Mycobacterium_abscessus,2,High,1,High,1,High,2,High,2,High,2,High,1,High,1,High,1,High,2,Low,1,High,1,1
Mycobacterium_bolletii,2,High,1,High,1,High,2,Low,2,Low,2,High,1,High,1,High,1,High,2,Low,1,High,1,1
Mycobacterium_bovis,2,High,1,High,1,High,1,Low,2,High,1,High,2,High,2,High,2,High,1,High,1,High,1,1
Mycobacterium_massiliense,2,High,1,High,1,High,2,High,2,High,2,High,1,High,1,High,1,High,2,Low,1,High,1,1
Mycobacterium_tuberculosis,2,High,1,High,1,High,1,High,2,High,1,High,1,High,1,High,1,High,1,High,1,High,1,2
Neisseria_bacilliformis,1,High,1,High,1,High,1,High,1,Low,1,High,1,High,1,High,1,High,1,High,2,Low,1,1
Neisseria_bergeri,1,High,1,High,1,High,1,High,1,Low,1,High,1,High,1,High,1,High,1,High,2,High,1,1
Neisseria_cinerea,1,High,1,High,1,High,1,High,1,High,1,High,1,High,1,High,1,High,1,High,2,High,1,1
Neisseria_gonorrhoeae,1,High,1,High,2,High,1,High,2,High,1,High,1,High,1,High,1,High,1,High,1,High,1,2
Neisseria_lactamica,1,High,1,High,1,High,1,High,1,High,1,High,1,High,1,High,1,High,1,High,2,High,1,1
Neisseria_meningitidis,1,High,1,High,1,Low,1,High,2,High,1,High,1,High,1,High,1,High,1,High,2,High,1,1
Neisseria_mucosa,1,High,1,High,1,High,1,High,1,High,1,High,1,High,1,High,1,High,1,High,2,High,1,1
Neisseria_polysaccharea,1,High,1,High,1,High,1,High,1,High,1,High,1,High,1,High,1,High,1,High,2,High,1,1
Neisseria_subflava,1,High,1,High,1,High,1,High,1,High,1,High,1,High,1,High,1,High,1,High,2,High,1,1
Pasteurella_multocida,2,High,1,High,1,High,2,High,2,High,1,High,2,High,1,High,2,High,1,High,1,High,1,1
Pseudomonas_aeruginosa,2,High,1,High,2,High,2,High,2,High,2,High,1,High,1,High,1,High,2,High,1,High,2,2
Salmonella_enterica,1,High,2,High,1,High,1,High,2,High,1,High,2,High,2,High,2,High,1,High,1,High,1,2
Shigella_boydii,1,High,2,High,1,High,1,High,1,High,1,High,1,High,2,High,1,High,1,High,1,High,1,2
Shigella_flexneri,1,High,2,High,1,High,1,High,1,High,1,High,1,High,2,High,1,High,1,High,1,High,1,2
Shigella_sonnei,1,High,2,High,1,High,1,High,1,High,1,High,1,High,2,High,1,High,1,High,1,High,1,2
Staphylococcus_aureus,2,High,2,High,1,High,2,High,2,High,2,High,2,High,2,High,2,High,1,High,2,High,2,2
Staphylococcus_epidermidis,1,High,1,High,1,High,2,High,2,High,2,High,1,High,1,High,1,High,1,High,2,High,1,1
Staphylococcus_pseudintermedius,1,High,1,High,1,High,3,High,2,Low,1,Low,1,High,1,High,2,Low,1,High,2,Low,1,1
Streptococcus_agalactiae,1,High,1,High,2,Low,1,High,2,High,1,High,2,Low,1,High,2,Low,1,High,2,High,1,2
Streptococcus_dysgalactiae,2,High,1,High,1,High,3,High,2,Low,1,High,2,Low,1,High,2,Low,1,High,2,Low,1,1
Streptococcus_pneumoniae,2,High,1,High,1,High,1,High,2,High,1,High,1,High,1,High,1,High,1,High,2,Low,1,2
Streptococcus_suis,2,High,1,High,1,High,1,High,2,High,1,High,2,High,2,High,2,High,1,High,1,High,1,1
Streptococcus_uberis,1,High,1,High,1,High,1,High,1,High,1,High,2,High,1,High,1,High,1,High,1,High,1,1
Treponema_pallidum,1,High,1,High,2,High,2,High,2,High,1,High,1,High,1,High,1,High,1,High,1,High,1,1
Vibrio_cholerae,1,High,2,High,1,High,1,High,1,High,1,High,1,High,2,High,1,High,2,High,1,High,1,1
Vibrio_parahaemolyticus,1,High,2,High,1,High,1,High,1,Low,1,High,1,Low,2,High,1,Low,2,High,1,High,1,1
Yersinia_enterocolitica,1,High,2,Low,1,High,1,High,1,High,1,High,2,High,2,High,2,High,1,High,1,High,1,2
Yersinia_proxima,1,High,2,Low,1,High,1,High,1,High,1,High,2,Low,2,Low,2,Low,2,High,1,High,1,2
Yersinia_intermedia,1,High,2,High,1,High,1,High,1,High,1,High,2,High,2,High,2,High,2,High,1,High,1,2
Yersinia_frederiksenii,1,High,2,High,1,High,1,High,1,High,1,High,2,Low,2,Low,2,Low,2,High,1,High,1,2